{"cameraMode":{"drawMode":0,"name":"Shaded","section":"Shading Mode"},"sceneLighting":true,"audioPlay":false,"sceneViewState":{"showFog":true,"showMaterialUpdate":false,"showSkybox":true,"showFlares":true,"showImageEffects":true,"showParticleSystems":true},"in2DMode":false,"pivot":{"x":103.5999755859375,"y":15.919952392578125,"z":0.0},"rotation":{"x":-0.13020706176757813,"y":0.2947431802749634,"z":-0.04057720676064491,"w":-0.9457941055297852},"size":1729.0467529296875,"orthographic":false}